<?xml version="1.0" encoding="UTF-8"?>
<?mso-application progid="Excel.Sheet"?>
<Workbook xmlns="urn:schemas-microsoft-com:office:spreadsheet"
 xmlns:o="urn:schemas-microsoft-com:office:office"
 xmlns:x="urn:schemas-microsoft-com:office:excel"
 xmlns:ss="urn:schemas-microsoft-com:office:spreadsheet"
 xmlns:html="http://www.w3.org/TR/REC-html40">
 <OfficeDocumentSettings xmlns="urn:schemas-microsoft-com:office:office">
  <AllowPNG/>
 </OfficeDocumentSettings>
 <ExcelWorkbook xmlns="urn:schemas-microsoft-com:office:excel">
  <WindowHeight>8250</WindowHeight>
  <WindowWidth>16275</WindowWidth>
  <WindowTopX>360</WindowTopX>
  <WindowTopY>90</WindowTopY>
  <ProtectStructure>False</ProtectStructure>
  <ProtectWindows>False</ProtectWindows>
 </ExcelWorkbook>
 <Styles>
  <Style ss:ID="Default" ss:Name="Normal">
   <Alignment ss:Vertical="Bottom"/>
   <Borders/>
   <Font ss:FontName="Calibri" x:CharSet="238" x:Family="Swiss" ss:Size="11"
    ss:Color="#000000"/>
   <Interior/>
   <NumberFormat/>
   <Protection/>
  </Style>
  <Style ss:ID="s62">
   <NumberFormat ss:Format="General Date"/>
  </Style>
  <Style ss:ID="s65">
   <NumberFormat ss:Format="[h]:mm:ss"/>
  </Style>
 </Styles>
 <Worksheet ss:Name="Sheet1">
  <Table>

	<Column ss:AutoFitWidth="0" ss:Width="50"/>
	<Column ss:AutoFitWidth="0" ss:Width="84" ss:Span="1"/>
	<Column ss:AutoFitWidth="0" ss:Width="110"/>
	<Column ss:AutoFitWidth="0" ss:Width="110"/>
	<Column ss:AutoFitWidth="0" ss:Width="90"/>
	<Column ss:AutoFitWidth="0" ss:Width="90"/>
	<Column ss:AutoFitWidth="0" ss:Width="87"/>
	<Column ss:AutoFitWidth="0" ss:Width="57.75"/>
	<Column ss:AutoFitWidth="0" ss:Width="57.75"/>
	<Column ss:AutoFitWidth="0" ss:Width="100"/>
	<Column ss:AutoFitWidth="0" ss:Width="100"/>
	<Column ss:AutoFitWidth="0" ss:Width="80"/>
	<Column ss:AutoFitWidth="0" ss:Width="80"/>
	
	<Row>
	<Cell><Data ss:Type="String">#</Data></Cell>
	<Cell><Data ss:Type="String">Tracking ID</Data></Cell>
	<Cell><Data ss:Type="String">Date</Data></Cell>
    <Cell><Data ss:Type="String">Updated</Data></Cell>
	<Cell><Data ss:Type="String">Name</Data></Cell>
	<Cell><Data ss:Type="String">Email</Data></Cell>
	<Cell><Data ss:Type="String">Category</Data></Cell>
	<Cell><Data ss:Type="String">Priority</Data></Cell>
	<Cell><Data ss:Type="String">Status</Data></Cell>
	<Cell><Data ss:Type="String">Subject</Data></Cell>
	<Cell><Data ss:Type="String">Message</Data></Cell>
	<Cell><Data ss:Type="String">Owner</Data></Cell>
	<Cell><Data ss:Type="String">Time worked</Data></Cell>
	</Row>

<Row>
<Cell><Data ss:Type="Number">5</Data></Cell>
<Cell><Data ss:Type="String"><![CDATA[B9T-2BB-Q8TJ]]></Data></Cell>
<Cell ss:StyleID="s62"><Data ss:Type="DateTime">2015-08-18T17:47:00.000</Data></Cell>
<Cell ss:StyleID="s62"><Data ss:Type="DateTime">2015-08-18T17:47:00.000</Data></Cell>
<Cell><Data ss:Type="String"><![CDATA[print screen]]></Data></Cell>
<Cell><Data ss:Type="String"><![CDATA[print@print]]></Data></Cell>
<Cell><Data ss:Type="String"><![CDATA[General]]></Data></Cell>
<Cell><Data ss:Type="String"><![CDATA[Low]]></Data></Cell>
<Cell><Data ss:Type="String"><![CDATA[New]]></Data></Cell>
<Cell><Data ss:Type="String"><![CDATA[print screen]]></Data></Cell>
<Cell><Data ss:Type="String"><![CDATA[print screen]]></Data></Cell>
<Cell><Data ss:Type="String"><![CDATA[jonid]]></Data></Cell>
<Cell><Data ss:Type="String"><![CDATA[00:00:00]]></Data></Cell>
</Row>

<Row>
<Cell><Data ss:Type="Number">6</Data></Cell>
<Cell><Data ss:Type="String"><![CDATA[YJZ-1J8-6VM7]]></Data></Cell>
<Cell ss:StyleID="s62"><Data ss:Type="DateTime">2015-08-25T12:10:35.000</Data></Cell>
<Cell ss:StyleID="s62"><Data ss:Type="DateTime">2015-08-25T12:54:24.000</Data></Cell>
<Cell><Data ss:Type="String"><![CDATA[ttttttt]]></Data></Cell>
<Cell><Data ss:Type="String"><![CDATA[ttt@ttttttt]]></Data></Cell>
<Cell><Data ss:Type="String"><![CDATA[General]]></Data></Cell>
<Cell><Data ss:Type="String"><![CDATA[Low]]></Data></Cell>
<Cell><Data ss:Type="String"><![CDATA[New]]></Data></Cell>
<Cell><Data ss:Type="String"><![CDATA[ffff]]></Data></Cell>
<Cell><Data ss:Type="String"><![CDATA[ffff]]></Data></Cell>
<Cell><Data ss:Type="String"><![CDATA[Communication Progress]]></Data></Cell>
<Cell><Data ss:Type="String"><![CDATA[00:00:00]]></Data></Cell>
</Row>

  </Table>
  <WorksheetOptions xmlns="urn:schemas-microsoft-com:office:excel">
   <PageSetup>
    <Header x:Margin="0.3"/>
    <Footer x:Margin="0.3"/>
    <PageMargins x:Bottom="0.75" x:Left="0.7" x:Right="0.7" x:Top="0.75"/>
   </PageSetup>
   <Selected/>
   <Panes>
    <Pane>
     <Number>3</Number>
     <ActiveRow>4</ActiveRow>
    </Pane>
   </Panes>
   <ProtectObjects>False</ProtectObjects>
   <ProtectScenarios>False</ProtectScenarios>
  </WorksheetOptions>
 </Worksheet>
 <Worksheet ss:Name="Sheet2">
  <Table ss:ExpandedColumnCount="1" ss:ExpandedRowCount="1" x:FullColumns="1"
   x:FullRows="1" ss:DefaultRowHeight="15">
  </Table>
  <WorksheetOptions xmlns="urn:schemas-microsoft-com:office:excel">
   <PageSetup>
    <Header x:Margin="0.3"/>
    <Footer x:Margin="0.3"/>
    <PageMargins x:Bottom="0.75" x:Left="0.7" x:Right="0.7" x:Top="0.75"/>
   </PageSetup>
   <ProtectObjects>False</ProtectObjects>
   <ProtectScenarios>False</ProtectScenarios>
  </WorksheetOptions>
 </Worksheet>
 <Worksheet ss:Name="Sheet3">
  <Table ss:ExpandedColumnCount="1" ss:ExpandedRowCount="1" x:FullColumns="1"
   x:FullRows="1" ss:DefaultRowHeight="15">
  </Table>
  <WorksheetOptions xmlns="urn:schemas-microsoft-com:office:excel">
   <PageSetup>
    <Header x:Margin="0.3"/>
    <Footer x:Margin="0.3"/>
    <PageMargins x:Bottom="0.75" x:Left="0.7" x:Right="0.7" x:Top="0.75"/>
   </PageSetup>
   <ProtectObjects>False</ProtectObjects>
   <ProtectScenarios>False</ProtectScenarios>
  </WorksheetOptions>
 </Worksheet>
</Workbook>
